Workbook

Sheet Cover
A1: India electric two-wheeler aftermarket: market sizing, FY22-FY31
A3: Question | B3: How big is the servicing and battery-replacement market for India's electric two-wheelers, and how fast will it grow?
A4: Approach | B4: Bottom-up: vehicles sold each year (Vahan-based sources) → fleet in use after scrappage → paying vehicles x annual service spend, plus battery replacements as each year's sales reach replacement age.
A5: Cross-check | B5: Annual spend per vehicle sits inside the Rs 2,000-5,000 reported for e-scooters, about half the Rs 3,500-6,000 for a petrol scooter.
A6: Base answer | B6: ="Base case: Rs "&TEXT(Summary!C4,"#,##0")&" Cr in FY26, rising to Rs "&TEXT(Summary!C5,"#,##0")&" Cr by FY31 ("&TEXT(Summary!C6,"0%")&" a year)." -> Base case: Rs 869 Cr in FY26, rising to Rs 5,627 Cr by FY31 (45% a year).
A7: Range | B7: ="Bear to bull FY31: Rs "&TEXT(Summary!B5,"#,##0")&" Cr to Rs "&TEXT(Summary!D5,"#,##0")&" Cr." -> Bear to bull FY31: Rs 3,622 Cr to Rs 8,156 Cr.
A8: Colour code | B8: Blue = input (sourced); blue on yellow = assumption to challenge; green = link to Inputs; black = formula.
A9: How to use | B9: Change blue cells on Inputs; everything else recalculates. Sensitivity shows FY31 size across growth and spend.
A11: Sources
B12: Argus Media, 'India's EV sales hit record high in FY2022-23' (Vahan data): E2W 252,555 units in FY2021-22.
B13: PIB annexure, state/month-wise E-2W registrations FY2022-23 (Vahan 4): grand total 7,28,271.
B14: Ministry of Heavy Industries data via Times Drive: E2W 11,49,334 units in FY25 vs 9,48,561 in FY24.
B15: IESA 'India's Mobility Report FY2025-26' via EV Infrastructure News: 2.55 million EV sales in FY2025-26.
B16: JMK Research via EV Infrastructure News: E2W nearly 58% of total EV sales in FY2025-26.
B17: EVreporter (Vahan, 2 Jan 2026): E2W sales 12,79,951 in CY2025, +11.4% YoY; 6.3% of all 2W sales.
B18: MeraEV (2026): typical annual e-scooter maintenance Rs 2,000-5,000, about half a 110cc petrol scooter (Rs 3,500-6,000).
B19: e-vehicleinfo / BikeLeague: e-scooter battery replacement roughly Rs 55,000-60,000.
B20: IESA via IANS (Jan 2026): Karnataka about 9% of national EV sales in CY2025 (all EV types).

Sheet Inputs
A1: Inputs: sourced data (blue) and assumptions (blue on yellow)
A3: Historical E2W sales | B3: Value | C3: Unit | D3: Source
A4: FY22 E2W sales | B4: 252555 | C4: units | D4: Argus Media, 'India's EV sales hit record high in FY2022-23' (Vahan data): E2W 252,555 units in FY2021-22.
A5: FY23 E2W sales | B5: 728271 | C5: units | D5: PIB annexure, state/month-wise E-2W registrations FY2022-23 (Vahan 4): grand total 7,28,271.
A6: FY24 E2W sales | B6: 948561 | C6: units | D6: Ministry of Heavy Industries data via Times Drive: E2W 11,49,334 units in FY25 vs 9,48,561 in FY24.
A7: FY25 E2W sales | B7: 1149334 | C7: units | D7: Ministry of Heavy Industries data via Times Drive: E2W 11,49,334 units in FY25 vs 9,48,561 in FY24.
A8: FY26 total EV sales | B8: 2550000 | C8: units | D8: IESA 'India's Mobility Report FY2025-26' via EV Infrastructure News: 2.55 million EV sales in FY2025-26.
A9: FY26 E2W share of EV sales | B9: 0.58 | C9: % | D9: JMK Research via EV Infrastructure News: E2W nearly 58% of total EV sales in FY2025-26.
A10: FY26 E2W sales (estimate) | B10: =B8*B9 -> 1479000 | C10: units | D10: Derived: total FY26 EV sales x E2W share (two different sources, so an estimate).
A12: Scenario assumptions | B12: Bear | C12: Base | D12: Bull | E12: Basis
A13: Annual E2W sales growth, FY27-FY31 | B13: 0.1 | C13: 0.2 | D13: 0.3 | E13: Assumption. Context: CY25 growth +11.4% (EVreporte), FY25 +21% (MHI).
A14: Service + wear-parts spend per paying vehicle (Rs/yr) | B14: 2000 | C14: 3000 | D14: 4000 | E14: Assumption within the Rs 2,000-5,000 range reported by MeraEV.
A15: Share of vehicles replacing battery at replacement age | B15: 0.4 | C15: 0.5 | D15: 0.6 | E15: Assumption: many packs are covered by warranty or last longer; others are scrapped instead.
A17: Common assumptions | B17: Value | C17: Unit | D17: Basis
A18: Fleet scrappage per year | B18: 0.03 | C18: % | D18: Assumption: accidents, theft, early failures.
A19: Battery pack price in FY26 | B19: 55000 | C19: Rs | D19: e-vehicleinfo / BikeLeague: e-scooter battery replacement roughly Rs 55,000-60,000.
A20: Battery price decline per year | B20: 0.07 | C20: % | D20: Assumption: falling cell costs.
A21: Battery replacement age | B21: 6 | C21: years | D21: Assumption: typical warranty 3-5 years plus wear.
A22: Independent-garage share of spend | B22: 0.25 | C22: % | D22: Assumption: rest goes to OEM service networks.
A23: Karnataka share of national market | B23: 0.09 | C23: % | D23: IESA via IANS (Jan 2026): Karnataka about 9% of national EV sales in CY2025 (all EV types). Used as a proxy.
A25: Pre-FY22 E2W fleet is excluded (small: high-speed E2W sales before FY22 were a fraction of FY22's).

Sheet Model
A1: Model: fleet and aftermarket by scenario (all formulas)
A2: Fiscal year | C2: 2022 | D2: 2023 | E2: 2024 | F2: 2025 | G2: 2026 | H2: 2027 | I2: 2028 | J2: 2029 | K2: 2030 | L2: 2031
A4: Bear scenario
A5: E2W sales (units) | C5: =Inputs!$B$4 -> 252555 | D5: =Inputs!$B$5 -> 728271 | E5: =Inputs!$B$6 -> 948561 | F5: =Inputs!$B$7 -> 1149334 | G5: =Inputs!$B$10 -> 1479000 | H5: =G5*(1+Inputs!$B$13) -> 1626900 | I5: =H5*(1+Inputs!$B$13) -> 1789590 | J5: =I5*(1+Inputs!$B$13) -> 1968549 | K5: =J5*(1+Inputs!$B$13) -> 2165403.9 | L5: =K5*(1+Inputs!$B$13) -> 2381944.3
A6: Fleet in use, year end (units) | C6: =C5 -> 252555 | D6: =C6*(1-Inputs!$B$18)+D5 -> 973249.35 | E6: =D6*(1-Inputs!$B$18)+E5 -> 1892612.9 | F6: =E6*(1-Inputs!$B$18)+F5 -> 2985168.5 | G6: =F6*(1-Inputs!$B$18)+G5 -> 4374613.4 | H6: =G6*(1-Inputs!$B$18)+H5 -> 5870275 | I6: =H6*(1-Inputs!$B$18)+I5 -> 7483756.8 | J6: =I6*(1-Inputs!$B$18)+J5 -> 9227793.1 | K6: =J6*(1-Inputs!$B$18)+K5 -> 11116363 | L6: =K6*(1-Inputs!$B$18)+L5 -> 13164817
A7: Paying fleet (units) | C7: =C6-C5 -> 0 | D7: =D6-D5 -> 244978.35 | E7: =E6-E5 -> 944051.87 | F7: =F6-F5 -> 1835834.5 | G7: =G6-G5 -> 2895613.4 | H7: =H6-H5 -> 4243375 | I7: =I6-I5 -> 5694166.8 | J7: =J6-J5 -> 7259244.1 | ... L7: =L6-L5 -> 10782872
A8: Service + wear-parts market (Rs Cr) | C8: =C7*Inputs!$B$14/10^7 -> 0 | D8: =D7*Inputs!$B$14/10^7 -> 48.99567 | E8: =E7*Inputs!$B$14/10^7 -> 188.81037 | F8: =F7*Inputs!$B$14/10^7 -> 367.1669 | G8: =G7*Inputs!$B$14/10^7 -> 579.12269 | H8: =H7*Inputs!$B$14/10^7 -> 848.67501 | I8: =I7*Inputs!$B$14/10^7 -> 1138.8334 | J8: =J7*Inputs!$B$14/10^7 -> 1451.8488 | ... L8: =L7*Inputs!$B$14/10^7 -> 2156.5745
A9: Battery replacements (units) | C9: =IF(C$2-Inputs!$B$21<2022,0,OFFSET(C5,0,-Inputs!$B$21)*Inputs!$B$15*(1-Inputs!$B$18)^Inputs!$B$21) -> 0 | D9: =IF(D$2-Inputs!$B$21<2022,0,OFFSET(D5,0,-Inputs!$B$21)*Inputs!$B$15*(1-Inputs!$B$18)^Inputs!$B$21) -> 0 | E9: =IF(E$2-Inputs!$B$21<2022,0,OFFSET(E5,0,-Inputs!$B$21)*Inputs!$B$15*(1-Inputs!$B$18)^Inputs!$B$21) -> 0 | F9: =IF(F$2-Inputs!$B$21<2022,0,OFFSET(F5,0,-Inputs!$B$21)*Inputs!$B$15*(1-Inputs!$B$18)^Inputs!$B$21) -> 0 | G9: =IF(G$2-Inputs!$B$21<2022,0,OFFSET(G5,0,-Inputs!$B$21)*Inputs!$B$15*(1-Inputs!$B$18)^Inputs!$B$21) -> 0 | H9: =IF(H$2-Inputs!$B$21<2022,0,OFFSET(H5,0,-Inputs!$B$21)*Inputs!$B$15*(1-Inputs!$B$18)^Inputs!$B$21) -> 0 | I9: =IF(I$2-Inputs!$B$21<2022,0,OFFSET(I5,0,-Inputs!$B$21)*Inputs!$B$15*(1-Inputs!$B$18)^Inputs!$B$21) -> 84148.498 | J9: =IF(J$2-Inputs!$B$21<2022,0,OFFSET(J5,0,-Inputs!$B$21)*Inputs!$B$15*(1-Inputs!$B$18)^Inputs!$B$21) -> 242651.74 | ... L9: =IF(L$2-Inputs!$B$21<2022,0,OFFSET(L5,0,-Inputs!$B$21)*Inputs!$B$15*(1-Inputs!$B$18)^Inputs!$B$21) -> 382945.22
A10: Battery pack price (Rs) | C10: =Inputs!$B$19*(1-Inputs!$B$20)^(C$2-2026) -> 73524.299 | D10: =Inputs!$B$19*(1-Inputs!$B$20)^(D$2-2026) -> 68377.599 | E10: =Inputs!$B$19*(1-Inputs!$B$20)^(E$2-2026) -> 63591.167 | F10: =Inputs!$B$19*(1-Inputs!$B$20)^(F$2-2026) -> 59139.785 | G10: =Inputs!$B$19*(1-Inputs!$B$20)^(G$2-2026) -> 55000 | H10: =Inputs!$B$19*(1-Inputs!$B$20)^(H$2-2026) -> 51150 | I10: =Inputs!$B$19*(1-Inputs!$B$20)^(I$2-2026) -> 47569.5 | J10: =Inputs!$B$19*(1-Inputs!$B$20)^(J$2-2026) -> 44239.635 | ... L10: =Inputs!$B$19*(1-Inputs!$B$20)^(L$2-2026) -> 38262.86
A11: Battery replacement market (Rs Cr) | C11: =C9*C10/10^7 -> 0 | D11: =D9*D10/10^7 -> 0 | E11: =E9*E10/10^7 -> 0 | F11: =F9*F10/10^7 -> 0 | G11: =G9*G10/10^7 -> 0 | H11: =H9*H10/10^7 -> 0 | I11: =I9*I10/10^7 -> 400.2902 | J11: =J9*J10/10^7 -> 1073.4824 | ... L11: =L9*L10/10^7 -> 1465.2579
A12: Total aftermarket (Rs Cr) | C12: =C8+C11 -> 0 | D12: =D8+D11 -> 48.99567 | E12: =E8+E11 -> 188.81037 | F12: =F8+F11 -> 367.1669 | G12: =G8+G11 -> 579.12269 | H12: =H8+H11 -> 848.67501 | I12: =I8+I11 -> 1539.1236 | J12: =J8+J11 -> 2525.3313 | ... L12: =L8+L11 -> 3621.8324
A13: Independent-garage addressable (Rs Cr) | C13: =C12*Inputs!$B$22 -> 0 | D13: =D12*Inputs!$B$22 -> 12.248917 | E13: =E12*Inputs!$B$22 -> 47.202593 | F13: =F12*Inputs!$B$22 -> 91.791724 | G13: =G12*Inputs!$B$22 -> 144.78067 | H13: =H12*Inputs!$B$22 -> 212.16875 | I13: =I12*Inputs!$B$22 -> 384.78089 | J13: =J12*Inputs!$B$22 -> 631.33282 | ... L13: =L12*Inputs!$B$22 -> 905.4581
A14: Karnataka market (Rs Cr) | C14: =C12*Inputs!$B$23 -> 0 | D14: =D12*Inputs!$B$23 -> 4.4096103 | E14: =E12*Inputs!$B$23 -> 16.992934 | F14: =F12*Inputs!$B$23 -> 33.045021 | G14: =G12*Inputs!$B$23 -> 52.121042 | H14: =H12*Inputs!$B$23 -> 76.38075 | I14: =I12*Inputs!$B$23 -> 138.52112 | J14: =J12*Inputs!$B$23 -> 227.27981 | ... L14: =L12*Inputs!$B$23 -> 325.96492
A15: Battery share of total | C15: =IF(C12=0,0,C11/C12) -> 0 | D15: =IF(D12=0,0,D11/D12) -> 0 | E15: =IF(E12=0,0,E11/E12) -> 0 | F15: =IF(F12=0,0,F11/F12) -> 0 | G15: =IF(G12=0,0,G11/G12) -> 0 | H15: =IF(H12=0,0,H11/H12) -> 0 | I15: =IF(I12=0,0,I11/I12) -> 0.26007671 | J15: =IF(J12=0,0,J11/J12) -> 0.4250858 | ... L15: =IF(L12=0,0,L11/L12) -> 0.4045626
A18: Base scenario
A19: E2W sales (units) | C19: =Inputs!$B$4 -> 252555 | D19: =Inputs!$B$5 -> 728271 | E19: =Inputs!$B$6 -> 948561 | F19: =Inputs!$B$7 -> 1149334 | G19: =Inputs!$B$10 -> 1479000 | H19: =G19*(1+Inputs!$C$13) -> 1774800 | I19: =H19*(1+Inputs!$C$13) -> 2129760 | J19: =I19*(1+Inputs!$C$13) -> 2555712 | K19: =J19*(1+Inputs!$C$13) -> 3066854.4 | L19: =K19*(1+Inputs!$C$13) -> 3680225.3
A20: Fleet in use, year end (units) | C20: =C19 -> 252555 | D20: =C20*(1-Inputs!$B$18)+D19 -> 973249.35 | E20: =D20*(1-Inputs!$B$18)+E19 -> 1892612.9 | F20: =E20*(1-Inputs!$B$18)+F19 -> 2985168.5 | G20: =F20*(1-Inputs!$B$18)+G19 -> 4374613.4 | H20: =G20*(1-Inputs!$B$18)+H19 -> 6018175 | I20: =H20*(1-Inputs!$B$18)+I19 -> 7967389.8 | J20: =I20*(1-Inputs!$B$18)+J19 -> 10284080 | K20: =J20*(1-Inputs!$B$18)+K19 -> 13042412 | L20: =K20*(1-Inputs!$B$18)+L19 -> 16331365
A21: Paying fleet (units) | C21: =C20-C19 -> 0 | D21: =D20-D19 -> 244978.35 | E21: =E20-E19 -> 944051.87 | F21: =F20-F19 -> 1835834.5 | G21: =G20-G19 -> 2895613.4 | H21: =H20-H19 -> 4243375 | I21: =I20-I19 -> 5837629.8 | J21: =J20-J19 -> 7728368.1 | ... L21: =L20-L19 -> 12651140
A22: Service + wear-parts market (Rs Cr) | C22: =C21*Inputs!$C$14/10^7 -> 0 | D22: =D21*Inputs!$C$14/10^7 -> 73.493505 | E22: =E21*Inputs!$C$14/10^7 -> 283.21556 | F22: =F21*Inputs!$C$14/10^7 -> 550.75035 | G22: =G21*Inputs!$C$14/10^7 -> 868.68403 | H22: =H21*Inputs!$C$14/10^7 -> 1273.0125 | I22: =I21*Inputs!$C$14/10^7 -> 1751.2889 | J22: =J21*Inputs!$C$14/10^7 -> 2318.5104 | ... L22: =L21*Inputs!$C$14/10^7 -> 3795.3419
A23: Battery replacements (units) | C23: =IF(C$2-Inputs!$B$21<2022,0,OFFSET(C19,0,-Inputs!$B$21)*Inputs!$C$15*(1-Inputs!$B$18)^Inputs!$B$21) -> 0 | D23: =IF(D$2-Inputs!$B$21<2022,0,OFFSET(D19,0,-Inputs!$B$21)*Inputs!$C$15*(1-Inputs!$B$18)^Inputs!$B$21) -> 0 | E23: =IF(E$2-Inputs!$B$21<2022,0,OFFSET(E19,0,-Inputs!$B$21)*Inputs!$C$15*(1-Inputs!$B$18)^Inputs!$B$21) -> 0 | F23: =IF(F$2-Inputs!$B$21<2022,0,OFFSET(F19,0,-Inputs!$B$21)*Inputs!$C$15*(1-Inputs!$B$18)^Inputs!$B$21) -> 0 | G23: =IF(G$2-Inputs!$B$21<2022,0,OFFSET(G19,0,-Inputs!$B$21)*Inputs!$C$15*(1-Inputs!$B$18)^Inputs!$B$21) -> 0 | H23: =IF(H$2-Inputs!$B$21<2022,0,OFFSET(H19,0,-Inputs!$B$21)*Inputs!$C$15*(1-Inputs!$B$18)^Inputs!$B$21) -> 0 | I23: =IF(I$2-Inputs!$B$21<2022,0,OFFSET(I19,0,-Inputs!$B$21)*Inputs!$C$15*(1-Inputs!$B$18)^Inputs!$B$21) -> 105185.62 | J23: =IF(J$2-Inputs!$B$21<2022,0,OFFSET(J19,0,-Inputs!$B$21)*Inputs!$C$15*(1-Inputs!$B$18)^Inputs!$B$21) -> 303314.68 | ... L23: =IF(L$2-Inputs!$B$21<2022,0,OFFSET(L19,0,-Inputs!$B$21)*Inputs!$C$15*(1-Inputs!$B$18)^Inputs!$B$21) -> 478681.52
A24: Battery pack price (Rs) | C24: =Inputs!$B$19*(1-Inputs!$B$20)^(C$2-2026) -> 73524.299 | D24: =Inputs!$B$19*(1-Inputs!$B$20)^(D$2-2026) -> 68377.599 | E24: =Inputs!$B$19*(1-Inputs!$B$20)^(E$2-2026) -> 63591.167 | F24: =Inputs!$B$19*(1-Inputs!$B$20)^(F$2-2026) -> 59139.785 | G24: =Inputs!$B$19*(1-Inputs!$B$20)^(G$2-2026) -> 55000 | H24: =Inputs!$B$19*(1-Inputs!$B$20)^(H$2-2026) -> 51150 | I24: =Inputs!$B$19*(1-Inputs!$B$20)^(I$2-2026) -> 47569.5 | J24: =Inputs!$B$19*(1-Inputs!$B$20)^(J$2-2026) -> 44239.635 | ... L24: =Inputs!$B$19*(1-Inputs!$B$20)^(L$2-2026) -> 38262.86
A25: Battery replacement market (Rs Cr) | C25: =C23*C24/10^7 -> 0 | D25: =D23*D24/10^7 -> 0 | E25: =E23*E24/10^7 -> 0 | F25: =F23*F24/10^7 -> 0 | G25: =G23*G24/10^7 -> 0 | H25: =H23*H24/10^7 -> 0 | I25: =I23*I24/10^7 -> 500.36275 | J25: =J23*J24/10^7 -> 1341.8531 | ... L25: =L23*L24/10^7 -> 1831.5724
A26: Total aftermarket (Rs Cr) | C26: =C22+C25 -> 0 | D26: =D22+D25 -> 73.493505 | E26: =E22+E25 -> 283.21556 | F26: =F22+F25 -> 550.75035 | G26: =G22+G25 -> 868.68403 | H26: =H22+H25 -> 1273.0125 | I26: =I22+I25 -> 2251.6517 | J26: =J22+J25 -> 3660.3635 | ... L26: =L22+L25 -> 5626.9143
A27: Independent-garage addressable (Rs Cr) | C27: =C26*Inputs!$B$22 -> 0 | D27: =D26*Inputs!$B$22 -> 18.373376 | E27: =E26*Inputs!$B$22 -> 70.80389 | F27: =F26*Inputs!$B$22 -> 137.68759 | G27: =G26*Inputs!$B$22 -> 217.17101 | H27: =H26*Inputs!$B$22 -> 318.25313 | I27: =I26*Inputs!$B$22 -> 562.91292 | J27: =J26*Inputs!$B$22 -> 915.09087 | ... L27: =L26*Inputs!$B$22 -> 1406.7286
A28: Karnataka market (Rs Cr) | C28: =C26*Inputs!$B$23 -> 0 | D28: =D26*Inputs!$B$23 -> 6.6144155 | E28: =E26*Inputs!$B$23 -> 25.4894 | F28: =F26*Inputs!$B$23 -> 49.567531 | G28: =G26*Inputs!$B$23 -> 78.181563 | H28: =H26*Inputs!$B$23 -> 114.57113 | I28: =I26*Inputs!$B$23 -> 202.64865 | J28: =J26*Inputs!$B$23 -> 329.43271 | ... L28: =L26*Inputs!$B$23 -> 506.42229
A29: Battery share of total | C29: =IF(C26=0,0,C25/C26) -> 0 | D29: =IF(D26=0,0,D25/D26) -> 0 | E29: =IF(E26=0,0,E25/E26) -> 0 | F29: =IF(F26=0,0,F25/F26) -> 0 | G29: =IF(G26=0,0,G25/G26) -> 0 | H29: =IF(H26=0,0,H25/H26) -> 0 | I29: =IF(I26=0,0,I25/I26) -> 0.22222032 | J29: =IF(J26=0,0,J25/J26) -> 0.36659011 | ... L29: =IF(L26=0,0,L25/L26) -> 0.3255021
A32: Bull scenario
A33: E2W sales (units) | C33: =Inputs!$B$4 -> 252555 | D33: =Inputs!$B$5 -> 728271 | E33: =Inputs!$B$6 -> 948561 | F33: =Inputs!$B$7 -> 1149334 | G33: =Inputs!$B$10 -> 1479000 | H33: =G33*(1+Inputs!$D$13) -> 1922700 | I33: =H33*(1+Inputs!$D$13) -> 2499510 | J33: =I33*(1+Inputs!$D$13) -> 3249363 | K33: =J33*(1+Inputs!$D$13) -> 4224171.9 | L33: =K33*(1+Inputs!$D$13) -> 5491423.5
A34: Fleet in use, year end (units) | C34: =C33 -> 252555 | D34: =C34*(1-Inputs!$B$18)+D33 -> 973249.35 | E34: =D34*(1-Inputs!$B$18)+E33 -> 1892612.9 | F34: =E34*(1-Inputs!$B$18)+F33 -> 2985168.5 | G34: =F34*(1-Inputs!$B$18)+G33 -> 4374613.4 | H34: =G34*(1-Inputs!$B$18)+H33 -> 6166075 | I34: =H34*(1-Inputs!$B$18)+I33 -> 8480602.8 | J34: =I34*(1-Inputs!$B$18)+J33 -> 11475548 | K34: =J34*(1-Inputs!$B$18)+K33 -> 15355453 | L34: =K34*(1-Inputs!$B$18)+L33 -> 20386213
A35: Paying fleet (units) | C35: =C34-C33 -> 0 | D35: =D34-D33 -> 244978.35 | E35: =E34-E33 -> 944051.87 | F35: =F34-F33 -> 1835834.5 | G35: =G34-G33 -> 2895613.4 | H35: =H34-H33 -> 4243375 | I35: =I34-I33 -> 5981092.8 | J35: =J34-J33 -> 8226184.7 | ... L35: =L34-L33 -> 14894790
A36: Service + wear-parts market (Rs Cr) | C36: =C35*Inputs!$D$14/10^7 -> 0 | D36: =D35*Inputs!$D$14/10^7 -> 97.99134 | E36: =E35*Inputs!$D$14/10^7 -> 377.62075 | F36: =F35*Inputs!$D$14/10^7 -> 734.33379 | G36: =G35*Inputs!$D$14/10^7 -> 1158.2454 | H36: =H35*Inputs!$D$14/10^7 -> 1697.35 | I36: =I35*Inputs!$D$14/10^7 -> 2392.4371 | J36: =J35*Inputs!$D$14/10^7 -> 3290.4739 | ... L36: =L35*Inputs!$D$14/10^7 -> 5957.9158
A37: Battery replacements (units) | C37: =IF(C$2-Inputs!$B$21<2022,0,OFFSET(C33,0,-Inputs!$B$21)*Inputs!$D$15*(1-Inputs!$B$18)^Inputs!$B$21) -> 0 | D37: =IF(D$2-Inputs!$B$21<2022,0,OFFSET(D33,0,-Inputs!$B$21)*Inputs!$D$15*(1-Inputs!$B$18)^Inputs!$B$21) -> 0 | E37: =IF(E$2-Inputs!$B$21<2022,0,OFFSET(E33,0,-Inputs!$B$21)*Inputs!$D$15*(1-Inputs!$B$18)^Inputs!$B$21) -> 0 | F37: =IF(F$2-Inputs!$B$21<2022,0,OFFSET(F33,0,-Inputs!$B$21)*Inputs!$D$15*(1-Inputs!$B$18)^Inputs!$B$21) -> 0 | G37: =IF(G$2-Inputs!$B$21<2022,0,OFFSET(G33,0,-Inputs!$B$21)*Inputs!$D$15*(1-Inputs!$B$18)^Inputs!$B$21) -> 0 | H37: =IF(H$2-Inputs!$B$21<2022,0,OFFSET(H33,0,-Inputs!$B$21)*Inputs!$D$15*(1-Inputs!$B$18)^Inputs!$B$21) -> 0 | I37: =IF(I$2-Inputs!$B$21<2022,0,OFFSET(I33,0,-Inputs!$B$21)*Inputs!$D$15*(1-Inputs!$B$18)^Inputs!$B$21) -> 126222.75 | J37: =IF(J$2-Inputs!$B$21<2022,0,OFFSET(J33,0,-Inputs!$B$21)*Inputs!$D$15*(1-Inputs!$B$18)^Inputs!$B$21) -> 363977.61 | ... L37: =IF(L$2-Inputs!$B$21<2022,0,OFFSET(L33,0,-Inputs!$B$21)*Inputs!$D$15*(1-Inputs!$B$18)^Inputs!$B$21) -> 574417.83
A38: Battery pack price (Rs) | C38: =Inputs!$B$19*(1-Inputs!$B$20)^(C$2-2026) -> 73524.299 | D38: =Inputs!$B$19*(1-Inputs!$B$20)^(D$2-2026) -> 68377.599 | E38: =Inputs!$B$19*(1-Inputs!$B$20)^(E$2-2026) -> 63591.167 | F38: =Inputs!$B$19*(1-Inputs!$B$20)^(F$2-2026) -> 59139.785 | G38: =Inputs!$B$19*(1-Inputs!$B$20)^(G$2-2026) -> 55000 | H38: =Inputs!$B$19*(1-Inputs!$B$20)^(H$2-2026) -> 51150 | I38: =Inputs!$B$19*(1-Inputs!$B$20)^(I$2-2026) -> 47569.5 | J38: =Inputs!$B$19*(1-Inputs!$B$20)^(J$2-2026) -> 44239.635 | ... L38: =Inputs!$B$19*(1-Inputs!$B$20)^(L$2-2026) -> 38262.86
A39: Battery replacement market (Rs Cr) | C39: =C37*C38/10^7 -> 0 | D39: =D37*D38/10^7 -> 0 | E39: =E37*E38/10^7 -> 0 | F39: =F37*F38/10^7 -> 0 | G39: =G37*G38/10^7 -> 0 | H39: =H37*H38/10^7 -> 0 | I39: =I37*I38/10^7 -> 600.4353 | J39: =J37*J38/10^7 -> 1610.2237 | ... L39: =L37*L38/10^7 -> 2197.8869
A40: Total aftermarket (Rs Cr) | C40: =C36+C39 -> 0 | D40: =D36+D39 -> 97.99134 | E40: =E36+E39 -> 377.62075 | F40: =F36+F39 -> 734.33379 | G40: =G36+G39 -> 1158.2454 | H40: =H36+H39 -> 1697.35 | I40: =I36+I39 -> 2992.8724 | J40: =J36+J39 -> 4900.6976 | ... L40: =L36+L39 -> 8155.8027
A41: Independent-garage addressable (Rs Cr) | C41: =C40*Inputs!$B$22 -> 0 | D41: =D40*Inputs!$B$22 -> 24.497835 | E41: =E40*Inputs!$B$22 -> 94.405187 | F41: =F40*Inputs!$B$22 -> 183.58345 | G41: =G40*Inputs!$B$22 -> 289.56134 | H41: =H40*Inputs!$B$22 -> 424.3375 | I41: =I40*Inputs!$B$22 -> 748.2181 | J41: =J40*Inputs!$B$22 -> 1225.1744 | ... L41: =L40*Inputs!$B$22 -> 2038.9507
A42: Karnataka market (Rs Cr) | C42: =C40*Inputs!$B$23 -> 0 | D42: =D40*Inputs!$B$23 -> 8.8192206 | E42: =E40*Inputs!$B$23 -> 33.985867 | F42: =F40*Inputs!$B$23 -> 66.090041 | G42: =G40*Inputs!$B$23 -> 104.24208 | H42: =H40*Inputs!$B$23 -> 152.7615 | I42: =I40*Inputs!$B$23 -> 269.35852 | J42: =J40*Inputs!$B$23 -> 441.06278 | ... L42: =L40*Inputs!$B$23 -> 734.02225
A43: Battery share of total | C43: =IF(C40=0,0,C39/C40) -> 0 | D43: =IF(D40=0,0,D39/D40) -> 0 | E43: =IF(E40=0,0,E39/E40) -> 0 | F43: =IF(F40=0,0,F39/F40) -> 0 | G43: =IF(G40=0,0,G39/G40) -> 0 | H43: =IF(H40=0,0,H39/H40) -> 0 | I43: =IF(I40=0,0,I39/I40) -> 0.20062175 | J43: =IF(J40=0,0,J39/J40) -> 0.3285703 | ... L43: =IF(L40=0,0,L39/L40) -> 0.2694875
A47: Green = linked from Inputs; black = calculated. Rs Cr = Rs crore (10 million rupees).

Sheet Summary
A1: Summary: India E2W aftermarket
A3: Metric | B3: Bear | C3: Base | D3: Bull
A4: Total aftermarket FY26 (Rs Cr) | B4: =Model!$G$12 -> 579.12269 | C4: =Model!$G$26 -> 868.68403 | D4: =Model!$G$40 -> 1158.2454
A5: Total aftermarket FY31 (Rs Cr) | B5: =Model!$L$12 -> 3621.8324 | C5: =Model!$L$26 -> 5626.9143 | D5: =Model!$L$40 -> 8155.8027
A6: CAGR FY26-FY31 | B6: =(Model!$L$12/Model!$G$12)^(1/5)-1 -> 0.44288445 | C6: =(Model!$L$26/Model!$G$26)^(1/5)-1 -> 0.4530538 | D6: =(Model!$L$40/Model!$G$40)^(1/5)-1 -> 0.47751952
A7: Fleet in use FY31 (million) | B7: =Model!$L$6/10^6 -> 13.164817 | C7: =Model!$L$20/10^6 -> 16.331365 | D7: =Model!$L$34/10^6 -> 20.386213
A8: Battery replacement share FY31 | B8: =Model!$L$11/Model!$L$12 -> 0.4045626 | C8: =Model!$L$25/Model!$L$26 -> 0.3255021 | D8: =Model!$L$39/Model!$L$40 -> 0.2694875
A9: Independent-garage addressable FY31 (Rs Cr) | B9: =Model!$L$13 -> 905.4581 | C9: =Model!$L$27 -> 1406.7286 | D9: =Model!$L$41 -> 2038.9507
A10: Karnataka market FY31 (Rs Cr) | B10: =Model!$L$14 -> 325.96492 | C10: =Model!$L$28 -> 506.42229 | D10: =Model!$L$42 -> 734.02225
A13: Total aftermarket by year (Rs Cr)
A14: Fiscal year | B14: Bear | C14: Base | D14: Bull | E14: Base: service | F14: Base: battery
A15: FY22 | B15: =Model!$C$12 -> 0 | C15: =Model!$C$26 -> 0 | D15: =Model!$C$40 -> 0 | E15: =Model!$C$22 -> 0 | F15: =Model!$C$25 -> 0
A16: FY23 | B16: =Model!$D$12 -> 48.99567 | C16: =Model!$D$26 -> 73.493505 | D16: =Model!$D$40 -> 97.99134 | E16: =Model!$D$22 -> 73.493505 | F16: =Model!$D$25 -> 0
A17: FY24 | B17: =Model!$E$12 -> 188.81037 | C17: =Model!$E$26 -> 283.21556 | D17: =Model!$E$40 -> 377.62075 | E17: =Model!$E$22 -> 283.21556 | F17: =Model!$E$25 -> 0
A18: FY25 | B18: =Model!$F$12 -> 367.1669 | C18: =Model!$F$26 -> 550.75035 | D18: =Model!$F$40 -> 734.33379 | E18: =Model!$F$22 -> 550.75035 | F18: =Model!$F$25 -> 0
A19: FY26 | B19: =Model!$G$12 -> 579.12269 | C19: =Model!$G$26 -> 868.68403 | D19: =Model!$G$40 -> 1158.2454 | E19: =Model!$G$22 -> 868.68403 | F19: =Model!$G$25 -> 0
A20: FY27 | B20: =Model!$H$12 -> 848.67501 | C20: =Model!$H$26 -> 1273.0125 | D20: =Model!$H$40 -> 1697.35 | E20: =Model!$H$22 -> 1273.0125 | F20: =Model!$H$25 -> 0
A21: FY28 | B21: =Model!$I$12 -> 1539.1236 | C21: =Model!$I$26 -> 2251.6517 | D21: =Model!$I$40 -> 2992.8724 | E21: =Model!$I$22 -> 1751.2889 | F21: =Model!$I$25 -> 500.36275
A22: FY29 | B22: =Model!$J$12 -> 2525.3313 | C22: =Model!$J$26 -> 3660.3635 | D22: =Model!$J$40 -> 4900.6976 | E22: =Model!$J$22 -> 2318.5104 | F22: =Model!$J$25 -> 1341.8531
A23: FY30 | B23: =Model!$K$12 -> 3090.5116 | C23: =Model!$K$26 -> 4618.0669 | D23: =Model!$K$40 -> 6402.9921 | E23: =Model!$K$22 -> 2992.6673 | F23: =Model!$K$25 -> 1625.3996
A24: FY31 | B24: =Model!$L$12 -> 3621.8324 | C24: =Model!$L$26 -> 5626.9143 | D24: =Model!$L$40 -> 8155.8027 | E24: =Model!$L$22 -> 3795.3419 | F24: =Model!$L$25 -> 1831.5724

Sheet Sensitivity
A1: Sensitivity: FY31 total aftermarket (Rs Cr), other inputs at base
A3: Helper: fleet by growth rate
A4: Sales growth | B4: 0.1 | C4: 0.15 | D4: 0.2 | E4: 0.25 | F4: 0.3
A5: Sales FY27 | B5: =Model!$G$19*(1+B$4) -> 1626900 | C5: =Model!$G$19*(1+C$4) -> 1700850 | D5: =Model!$G$19*(1+D$4) -> 1774800 | E5: =Model!$G$19*(1+E$4) -> 1848750 | F5: =Model!$G$19*(1+F$4) -> 1922700
A6: Sales FY28 | B6: =B5*(1+B$4) -> 1789590 | C6: =C5*(1+C$4) -> 1955977.5 | D6: =D5*(1+D$4) -> 2129760 | E6: =E5*(1+E$4) -> 2310937.5 | F6: =F5*(1+F$4) -> 2499510
A7: Sales FY29 | B7: =B6*(1+B$4) -> 1968549 | C7: =C6*(1+C$4) -> 2249374.1 | D7: =D6*(1+D$4) -> 2555712 | E7: =E6*(1+E$4) -> 2888671.9 | F7: =F6*(1+F$4) -> 3249363
A8: Sales FY30 | B8: =B7*(1+B$4) -> 2165403.9 | C8: =C7*(1+C$4) -> 2586780.2 | D8: =D7*(1+D$4) -> 3066854.4 | E8: =E7*(1+E$4) -> 3610839.8 | F8: =F7*(1+F$4) -> 4224171.9
A9: Sales FY31 | B9: =B8*(1+B$4) -> 2381944.3 | C9: =C8*(1+C$4) -> 2974797.3 | D9: =D8*(1+D$4) -> 3680225.3 | E9: =E8*(1+E$4) -> 4513549.8 | F9: =F8*(1+F$4) -> 5491423.5
A11: Fleet FY27 | B11: =Model!$G$20*(1-Inputs!$B$18)+B5 -> 5870275 | C11: =Model!$G$20*(1-Inputs!$B$18)+C5 -> 5944225 | D11: =Model!$G$20*(1-Inputs!$B$18)+D5 -> 6018175 | E11: =Model!$G$20*(1-Inputs!$B$18)+E5 -> 6092125 | F11: =Model!$G$20*(1-Inputs!$B$18)+F5 -> 6166075
A12: Fleet FY28 | B12: =B11*(1-Inputs!$B$18)+B6 -> 7483756.8 | C12: =C11*(1-Inputs!$B$18)+C6 -> 7721875.8 | D12: =D11*(1-Inputs!$B$18)+D6 -> 7967389.8 | E12: =E11*(1-Inputs!$B$18)+E6 -> 8220298.8 | F12: =F11*(1-Inputs!$B$18)+F6 -> 8480602.8
A13: Fleet FY29 | B13: =B12*(1-Inputs!$B$18)+B7 -> 9227793.1 | C13: =C12*(1-Inputs!$B$18)+C7 -> 9739593.6 | D13: =D12*(1-Inputs!$B$18)+D7 -> 10284080 | E13: =E12*(1-Inputs!$B$18)+E7 -> 10862362 | F13: =F12*(1-Inputs!$B$18)+F7 -> 11475548
A14: Fleet FY30 | B14: =B13*(1-Inputs!$B$18)+B8 -> 11116363 | C14: =C13*(1-Inputs!$B$18)+C8 -> 12034186 | D14: =D13*(1-Inputs!$B$18)+D8 -> 13042412 | E14: =E13*(1-Inputs!$B$18)+E8 -> 14147331 | F14: =F13*(1-Inputs!$B$18)+F8 -> 15355453
A15: Fleet FY31 | B15: =B14*(1-Inputs!$B$18)+B9 -> 13164817 | C15: =C14*(1-Inputs!$B$18)+C9 -> 14647958 | D15: =D14*(1-Inputs!$B$18)+D9 -> 16331365 | E15: =E14*(1-Inputs!$B$18)+E9 -> 18236461 | F15: =F14*(1-Inputs!$B$18)+F9 -> 20386213
A16: Paying fleet FY31 | B16: =B15-B9 -> 10782872 | C16: =C15-C9 -> 11673160 | D16: =D15-D9 -> 12651140 | E16: =E15-E9 -> 13722911 | F16: =F15-F9 -> 14894790
A17: Battery market FY31 (Rs Cr, from FY25 vintage; growth-independent) | B17: =Model!$L$25 -> 1831.5724
A19: Spend per vehicle (Rs/yr) ↓ × sales growth → | B19: =B4 -> 0.1 | C19: =C4 -> 0.15 | D19: =D4 -> 0.2 | E19: =E4 -> 0.25 | F19: =F4 -> 0.3
A20: 2000 | B20: =B$16*$A20/10^7+$B$17 -> 3988.1469 | C20: =C$16*$A20/10^7+$B$17 -> 4166.2045 | D20: =D$16*$A20/10^7+$B$17 -> 4361.8004 | E20: =E$16*$A20/10^7+$B$17 -> 4576.1546 | F20: =F$16*$A20/10^7+$B$17 -> 4810.5303
A21: 2500 | B21: =B$16*$A21/10^7+$B$17 -> 4527.2905 | C21: =C$16*$A21/10^7+$B$17 -> 4749.8625 | D21: =D$16*$A21/10^7+$B$17 -> 4994.3574 | E21: =E$16*$A21/10^7+$B$17 -> 5262.3001 | F21: =F$16*$A21/10^7+$B$17 -> 5555.2698
A22: 3000 | B22: =B$16*$A22/10^7+$B$17 -> 5066.4341 | C22: =C$16*$A22/10^7+$B$17 -> 5333.5206 | D22: =D$16*$A22/10^7+$B$17 -> 5626.9143 | E22: =E$16*$A22/10^7+$B$17 -> 5948.4457 | F22: =F$16*$A22/10^7+$B$17 -> 6300.0093
A23: 3500 | B23: =B$16*$A23/10^7+$B$17 -> 5605.5777 | C23: =C$16*$A23/10^7+$B$17 -> 5917.1786 | D23: =D$16*$A23/10^7+$B$17 -> 6259.4713 | E23: =E$16*$A23/10^7+$B$17 -> 6634.5912 | F23: =F$16*$A23/10^7+$B$17 -> 7044.7488
A24: 4000 | B24: =B$16*$A24/10^7+$B$17 -> 6144.7213 | C24: =C$16*$A24/10^7+$B$17 -> 6500.8366 | D24: =D$16*$A24/10^7+$B$17 -> 6892.0283 | E24: =E$16*$A24/10^7+$B$17 -> 7320.7367 | F24: =F$16*$A24/10^7+$B$17 -> 7789.4883
